,Date,Time,Comp,Round,Day,Venue,Result,GF,GA,Opponent,Poss,Attendance,Captain,Formation,Opp Formation,Referee,Match Report,Notes,Season,Team
0,2026-10-11,16:30 (02:30),Premier League,Matchweek 6,Sun,Away,,,,Liverpool,,,,,,,Head-to-Head,,2027,Manchester City
1,2026-10-10,12:30 (22:30),Premier League,Matchweek 6,Sat,Home,,,,Leeds United,,,,,,,Head-to-Head,,2027,Arsenal
2,2026-10-10,15:00 (01:00),Premier League,Matchweek 6,Sat,Away,,,,Sunderland,,,,,,,Head-to-Head,,2027,Brighton and Hove Albion
3,2026-10-10,15:00 (01:00),Premier League,Matchweek 6,Sat,Away,,,,Aston Villa,,,,,,,Head-to-Head,,2027,Brentford
4,2026-10-10,12:30 (22:30),Premier League,Matchweek 6,Sat,Away,,,,Arsenal,,,,,,,Head-to-Head,,2027,Leeds United
5,2026-10-11,16:30 (02:30),Premier League,Matchweek 6,Sun,Home,,,,Manchester City,,,,,,,Head-to-Head,,2027,Liverpool
6,2026-10-11,14:00 (00:00),Premier League,Matchweek 6,Sun,Away,,,,Hull City,,,,,,,Head-to-Head,,2027,Everton
7,2026-10-11,14:00 (00:00),Premier League,Matchweek 6,Sun,Home,,,,Everton,,,,,,,Head-to-Head,,2027,Hull City
8,2026-10-12,20:00 (06:00),Premier League,Matchweek 6,Mon,Away,,,,Coventry City,,,,,,,Head-to-Head,,2027,Newcastle United
9,2026-10-10,15:00 (01:00),Premier League,Matchweek 6,Sat,Home,,,,Bournemouth,,,,,,,Head-to-Head,,2027,Chelsea
10,2026-10-10,15:00 (01:00),Premier League,Matchweek 6,Sat,Home,,,,Fulham,,,,,,,Head-to-Head,,2027,Ipswich Town
11,2026-10-10,17:30 (03:30),Premier League,Matchweek 6,Sat,Home,,,,Tottenham,,,,,,,Head-to-Head,,2027,Manchester United
12,2026-10-11,14:00 (00:00),Premier League,Matchweek 6,Sun,Away,,,,Crystal Palace,,,,,,,Head-to-Head,,2027,Nottingham Forest
13,2026-10-10,15:00 (01:00),Premier League,Matchweek 6,Sat,Home,,,,Brighton,,,,,,,Head-to-Head,,2027,Sunderland
14,2026-10-11,14:00 (00:00),Premier League,Matchweek 6,Sun,Home,,,,Nottingham,,,,,,,Head-to-Head,,2027,Crystal Palace
15,2026-10-10,15:00 (01:00),Premier League,Matchweek 6,Sat,Home,,,,Brentford,,,,,,,Head-to-Head,,2027,Aston Villa
16,2026-10-10,15:00 (01:00),Premier League,Matchweek 6,Sat,Away,,,,Chelsea,,,,,,,Head-to-Head,,2027,Bournemouth
17,2026-10-12,20:00 (06:00),Premier League,Matchweek 6,Mon,Home,,,,Newcastle,,,,,,,Head-to-Head,,2027,Coventry City
18,2026-10-10,15:00 (01:00),Premier League,Matchweek 6,Sat,Away,,,,Ipswich Town,,,,,,,Head-to-Head,,2027,Fulham
19,2026-10-10,17:30 (03:30),Premier League,Matchweek 6,Sat,Away,,,,Manchester Utd,,,,,,,Head-to-Head,,2027,Tottenham Hotspur
20,2026-10-10,18:30 (03:30),La Liga,Matchweek 8,Sat,Home,,,,Getafe,,,,,,,Head-to-Head,,2027,Barcelona
21,2026-10-10,16:15 (01:15),La Liga,Matchweek 8,Sat,Away,,,,Alavés,,,,,,,Head-to-Head,,2027,Atletico Madrid
22,2026-10-11,18:30 (03:30),La Liga,Matchweek 8,Sun,Home,,,,Osasuna,,,,,,,Head-to-Head,,2027,Real Betis
23,2026-10-10,21:00 (06:00),La Liga,Matchweek 8,Sat,Home,,,,Villarreal,,,,,,,Head-to-Head,,2027,Real Madrid
24,2026-10-12,21:00 (06:00),La Liga,Matchweek 8,Mon,Away,,,,Levante,,,,,,,Head-to-Head,,2027,Sevilla
25,2026-10-10,16:15 (01:15),La Liga,Matchweek 8,Sat,Home,,,,Atlético Madrid,,,,,,,Head-to-Head,,2027,Alaves
26,2026-10-11,16:15 (01:15),La Liga,Matchweek 8,Sun,Away,,,,Real Sociedad,,,,,,,Head-to-Head,,2027,Deportivo A Coruna
27,2026-10-11,16:15 (01:15),La Liga,Matchweek 8,Sun,Home,,,,Dep. A Coruña,,,,,,,Head-to-Head,,2027,Real Sociedad
28,2026-10-10,21:00 (06:00),La Liga,Matchweek 8,Sat,Away,,,,Real Madrid,,,,,,,Head-to-Head,,2027,Villarreal
29,2026-10-10,14:00 (23:00),La Liga,Matchweek 8,Sat,Away,,,,Rayo Vallecano,,,,,,,Head-to-Head,,2027,Athletic Club
30,2026-10-10,18:30 (03:30),La Liga,Matchweek 8,Sat,Away,,,,Barcelona,,,,,,,Head-to-Head,,2027,Getafe
31,2026-10-10,14:00 (23:00),La Liga,Matchweek 8,Sat,Home,,,,Athletic Club,,,,,,,Head-to-Head,,2027,Rayo Vallecano
32,2026-10-11,18:30 (03:30),La Liga,Matchweek 8,Sun,Away,,,,Real Betis,,,,,,,Head-to-Head,,2027,Osasuna
33,2026-10-11,14:00 (23:00),La Liga,Matchweek 8,Sun,Away,,,,Elche,,,,,,,Head-to-Head,,2027,Celta Vigo
34,2026-10-09,21:00 (06:00),La Liga,Matchweek 8,Fri,Away,,,,Málaga,,,,,,,Head-to-Head,,2027,Espanyol
35,2026-10-11,21:00 (06:00),La Liga,Matchweek 8,Sun,Home,,,,Valencia,,,,,,,Head-to-Head,,2027,Racing Santander
36,2026-10-12,21:00 (06:00),La Liga,Matchweek 8,Mon,Home,,,,Sevilla,,,,,,,Head-to-Head,,2027,Levante
37,2026-10-11,14:00 (23:00),La Liga,Matchweek 8,Sun,Home,,,,Celta Vigo,,,,,,,Head-to-Head,,2027,Elche
38,2026-10-11,21:00 (06:00),La Liga,Matchweek 8,Sun,Away,,,,Racing Sant,,,,,,,Head-to-Head,,2027,Valencia
39,2026-10-09,21:00 (06:00),La Liga,Matchweek 8,Fri,Home,,,,Espanyol,,,,,,,Head-to-Head,,2027,Malaga
40,2026-10-09,20:30 (05:30),Bundesliga,Matchweek 5,Fri,Home,,,,Werder Bremen,,,,,,,Head-to-Head,,2027,Dortmund
41,2026-10-10,15:30 (00:30),Bundesliga,Matchweek 5,Sat,Away,,,,Augsburg,,,,,,,Head-to-Head,,2027,Bayern Munich
42,2026-10-11,17:30 (02:30),Bundesliga,Matchweek 5,Sun,Home,,,,Schalke 04,,,,,,,Head-to-Head,,2027,Freiburg
43,2026-10-10,15:30 (00:30),Bundesliga,Matchweek 5,Sat,Home,,,,Bayern Munich,,,,,,,Head-to-Head,,2027,Augsburg
44,2026-10-10,15:30 (00:30),Bundesliga,Matchweek 5,Sat,Away,,,,Mainz 05,,,,,,,Head-to-Head,,2027,Leverkusen
45,2026-10-10,15:30 (00:30),Bundesliga,Matchweek 5,Sat,Home,,,,Leverkusen,,,,,,,Head-to-Head,,2027,Mainz 05
46,2026-10-10,15:30 (00:30),Bundesliga,Matchweek 5,Sat,Away,,,,Union Berlin,,,,,,,Head-to-Head,,2027,Elversberg
47,2026-10-09,20:30 (05:30),Bundesliga,Matchweek 5,Fri,Away,,,,Dortmund,,,,,,,Head-to-Head,,2027,Werder Bremen
48,2026-10-10,18:30 (03:30),Bundesliga,Matchweek 5,Sat,Home,,,,Frankfurt,,,,,,,Head-to-Head,,2027,RB Leipzig
49,2026-10-10,18:30 (03:30),Bundesliga,Matchweek 5,Sat,Away,,,,RB Leipzig,,,,,,,Head-to-Head,,2027,Eintracht Frankfurt
50,2026-10-11,17:30 (02:30),Bundesliga,Matchweek 5,Sun,Away,,,,Freiburg,,,,,,,Head-to-Head,,2027,Schalke 04
51,2026-10-10,15:30 (00:30),Bundesliga,Matchweek 5,Sat,Home,,,,Stuttgart,,,,,,,Head-to-Head,,2027,Paderborn 07
52,2026-10-11,15:30 (00:30),Bundesliga,Matchweek 5,Sun,Home,,,,Gladbach,,,,,,,Head-to-Head,,2027,Koln
53,2026-10-10,15:30 (00:30),Bundesliga,Matchweek 5,Sat,Home,,,,Hamburger SV,,,,,,,Head-to-Head,,2027,Hoffenheim
54,2026-10-10,15:30 (00:30),Bundesliga,Matchweek 5,Sat,Away,,,,Paderborn 07,,,,,,,Head-to-Head,,2027,Stuttgart
55,2026-10-10,15:30 (00:30),Bundesliga,Matchweek 5,Sat,Away,,,,Hoffenheim,,,,,,,Head-to-Head,,2027,Hamburger SV
56,2026-10-10,15:30 (00:30),Bundesliga,Matchweek 5,Sat,Home,,,,Elversberg,,,,,,,Head-to-Head,,2027,Union Berlin
57,2026-10-11,15:30 (00:30),Bundesliga,Matchweek 5,Sun,Away,,,,Köln,,,,,,,Head-to-Head,,2027,Monchengladbach
58,2026-10-11,12:30 (21:30),Serie A,Matchweek 6,Sun,Away,,,,Como,,,,,,,Head-to-Head,,2027,Roma
59,2026-10-10,18:00 (03:00),Serie A,Matchweek 6,Sat,Home,,,,Parma,,,,,,,Head-to-Head,,2027,Internazionale
60,2026-10-11,15:00 (00:00),Serie A,Matchweek 6,Sun,Home,,,,Monza,,,,,,,Head-to-Head,,2027,Lazio
61,2026-10-11,20:45 (05:45),Serie A,Matchweek 6,Sun,Home,,,,Juventus,,,,,,,Head-to-Head,,2027,Cagliari
62,2026-10-11,18:00 (03:00),Serie A,Matchweek 6,Sun,Away,,,,Sassuolo,,,,,,,Head-to-Head,,2027,Milan
63,2026-10-10,20:45 (05:45),Serie A,Matchweek 6,Sat,Away,,,,Napoli,,,,,,,Head-to-Head,,2027,Frosinone
64,2026-10-11,20:45 (05:45),Serie A,Matchweek 6,Sun,Away,,,,Cagliari,,,,,,,Head-to-Head,,2027,Juventus
65,2026-10-11,12:30 (21:30),Serie A,Matchweek 6,Sun,Home,,,,Roma,,,,,,,Head-to-Head,,2027,Como
66,2026-10-10,20:45 (05:45),Serie A,Matchweek 6,Sat,Home,,,,Frosinone,,,,,,,Head-to-Head,,2027,Napoli
67,2026-10-11,18:00 (03:00),Serie A,Matchweek 6,Sun,Home,,,,Milan,,,,,,,Head-to-Head,,2027,Sassuolo
68,2026-10-12,18:30 (03:30),Serie A,Matchweek 6,Mon,Home,,,,Venezia,,,,,,,Head-to-Head,,2027,Atalanta
69,2026-10-11,15:00 (00:00),Serie A,Matchweek 6,Sun,Home,,,,Bologna,,,,,,,Head-to-Head,,2027,Lecce
70,2026-10-12,20:45 (05:45),Serie A,Matchweek 6,Mon,Away,,,,Torino,,,,,,,Head-to-Head,,2027,Udinese
71,2026-10-12,20:45 (05:45),Serie A,Matchweek 6,Mon,Home,,,,Udinese,,,,,,,Head-to-Head,,2027,Torino
72,2026-10-10,18:00 (03:00),Serie A,Matchweek 6,Sat,Away,,,,Inter,,,,,,,Head-to-Head,,2027,Parma
73,2026-10-11,15:00 (00:00),Serie A,Matchweek 6,Sun,Away,,,,Lazio,,,,,,,Head-to-Head,,2027,Monza
74,2026-10-10,15:00 (00:00),Serie A,Matchweek 6,Sat,Away,,,,Genoa,,,,,,,Head-to-Head,,2027,Fiorentina
75,2026-10-11,15:00 (00:00),Serie A,Matchweek 6,Sun,Away,,,,Lecce,,,,,,,Head-to-Head,,2027,Bologna
76,2026-10-10,15:00 (00:00),Serie A,Matchweek 6,Sat,Home,,,,Fiorentina,,,,,,,Head-to-Head,,2027,Genoa
77,2026-10-12,18:30 (03:30),Serie A,Matchweek 6,Mon,Away,,,,Atalanta,,,,,,,Head-to-Head,,2027,Venezia
78,2026-10-10,20:45 (05:45),Ligue 1,Matchweek 6,Sat,Home,,,,Toulouse,,,,,,,Head-to-Head,,2027,Monaco
79,2026-10-09,20:45 (05:45),Ligue 1,Matchweek 6,Fri,Away,,,,Lens,,,,,,,Head-to-Head,,2027,Lyon
80,2026-10-10,20:45 (05:45),Ligue 1,Matchweek 6,Sat,Away,,,,Lorient,,,,,,,Head-to-Head,,2027,Paris FC
81,2026-10-10,17:15 (02:15),Ligue 1,Matchweek 6,Sat,Home,,,,Le Havre,,,,,,,Head-to-Head,,2027,Lille
82,2026-10-11,17:15 (02:15),Ligue 1,Matchweek 6,Sun,Home,,,,Auxerre,,,,,,,Head-to-Head,,2027,Rennes
83,2026-10-10,20:45 (05:45),Ligue 1,Matchweek 6,Sat,Home,,,,Le Mans,,,,,,,Head-to-Head,,2027,Paris Saint Germain
84,2026-10-10,20:45 (05:45),Ligue 1,Matchweek 6,Sat,Away,,,,Brest,,,,,,,Head-to-Head,,2027,Angers
85,2026-10-11,15:00 (00:00),Ligue 1,Matchweek 6,Sun,Away,,,,Nice,,,,,,,Head-to-Head,,2027,Strasbourg
86,2026-10-10,20:45 (05:45),Ligue 1,Matchweek 6,Sat,Away,,,,Paris SG,,,,,,,Head-to-Head,,2027,Le Mans
87,2026-10-11,17:15 (02:15),Ligue 1,Matchweek 6,Sun,Away,,,,Rennes,,,,,,,Head-to-Head,,2027,Auxerre
88,2026-10-10,20:45 (05:45),Ligue 1,Matchweek 6,Sat,Home,,,,Paris FC,,,,,,,Head-to-Head,,2027,Lorient
89,2026-10-10,20:45 (05:45),Ligue 1,Matchweek 6,Sat,Home,,,,Angers,,,,,,,Head-to-Head,,2027,Brest
90,2026-10-10,20:45 (05:45),Ligue 1,Matchweek 6,Sat,Away,,,,Monaco,,,,,,,Head-to-Head,,2027,Toulouse
91,2026-10-11,15:00 (00:00),Ligue 1,Matchweek 6,Sun,Home,,,,Strasbourg,,,,,,,Head-to-Head,,2027,Nice
92,2026-10-09,20:45 (05:45),Ligue 1,Matchweek 6,Fri,Home,,,,Lyon,,,,,,,Head-to-Head,,2027,Lens
93,2026-10-11,20:45 (05:45),Ligue 1,Matchweek 6,Sun,Home,,,,Marseille,,,,,,,Head-to-Head,,2027,Troyes
94,2026-10-11,20:45 (05:45),Ligue 1,Matchweek 6,Sun,Away,,,,Troyes,,,,,,,Head-to-Head,,2027,Marseille
95,2026-10-10,17:15 (02:15),Ligue 1,Matchweek 6,Sat,Away,,,,Lille,,,,,,,Head-to-Head,,2027,Le Havre
