,Date,Team_position,Team,Pred,Opponent,Opp_position,Team_win%,Opp_win%,Draw%,Actual
0,2026-10-12,11.0,Atalanta,Win,Venezia,20.0,62.81,9.25,27.94,
1,2026-10-12,14.0,Torino,Win,Udinese,13.0,34.41,31.44,34.15,
2,2026-10-11,3.0,Lazio,Win,Monza,16.0,63.72,8.49,27.79,
3,2026-10-11,18.0,Bologna,Win,Lecce,12.0,41.51,22.73,35.76,
4,2026-10-11,10.0,Sassuolo,Loss,Milan,5.0,16.36,63.56,20.09,
5,2026-10-11,4.0,Cagliari,Loss,Juventus,7.0,23.47,53.98,22.55,
6,2026-10-11,8.0,Como,Loss,Roma,1.0,29.09,40.81,30.1,
7,2026-10-10,17.0,Fiorentina,Win,Genoa,19.0,47.55,23.97,28.48,
8,2026-10-10,9.0,Napoli,Win,Frosinone,6.0,55.0,14.94,30.06,
9,2026-10-10,15.0,Parma,Loss,Inter,2.0,6.97,76.7,16.34,
